Date, NAVPS 
23-Jan-14,
24-Jan-14,
27-Jan-14,
28-Jan-14,
29-Jan-14,
30-Jan-14,
3-Feb-14,
4-Feb-14,
5-Feb-14,
6-Feb-14,
7-Feb-14, 0.9630 
10-Feb-14, 0.9676 
11-Feb-14, 0.9747 
12-Feb-14, 0.9838 
13-Feb-14, 0.9825 
14-Feb-14, 0.9839 
17-Feb-14, 1.0040 
18-Feb-14, 1.0052 
19-Feb-14, 1.0143 
20-Feb-14, 1.0218 
21-Feb-14, 1.0091 
24-Feb-14, 1.0054 
25-Feb-14, 1.0125 
26-Feb-14, 1.0144 
27-Feb-14, 1.0190 
28-Feb-14, 1.0279 
3-Mar-14, 1.0260 
4-Mar-14, 1.0186 
5-Mar-14, 1.0299 
6-Mar-14, 1.0469 
7-Mar-14, 1.0410 
10-Mar-14, 1.0390 
11-Mar-14, 1.0453 
12-Mar-14, 1.0318 
13-Mar-14, 1.0179 
14-Mar-14, 1.0030 
17-Mar-14, 1.0161 
18-Mar-14, 1.0322 
19-Mar-14, 1.0369 
20-Mar-14, 1.0374 
21-Mar-14, 1.0267 
24-Mar-14, 1.0324 
25-Mar-14, 1.0193 
26-Mar-14, 1.0193 
27-Mar-14, 1.0147 
28-Mar-14, 1.0212 
31-Mar-14, 1.0324 
1-Apr-14, 1.0474 
2-Apr-14, 1.0594 
3-Apr-14, 1.0595 
4-Apr-14, 1.0604 
7-Apr-14, 1.0611 
8-Apr-14, 1.0585 
10-Apr-14, 1.0694 
11-Apr-14, 1.0656 
14-Apr-14, 1.0678 
15-Apr-14, 1.0720 
16-Apr-14, 1.0802 
21-Apr-14, 1.0956 
22-Apr-14, 1.0998 
23-Apr-14, 1.0966 
24-Apr-14, 1.0888 
25-Apr-14, 1.0893 
28-Apr-14, 1.0812 
29-Apr-14, 1.0842 
30-Apr-14, 1.0881 
2-May-14, 1.0998 
5-May-14, 1.0982 
6-May-14, 1.1063 
7-May-14, 1.1130 
8-May-14, 1.1210 
9-May-14, 1.1267 
12-May-14, 1.1233 
13-May-14, 1.1351 
14-May-14, 1.1356 
15-May-14, 1.1252 
16-May-14, 1.1184 
19-May-14, 1.1283 
20-May-14, 1.1324 
21-May-14, 1.1134 
22-May-14, 1.1205 
23-May-14, 1.1170 
26-May-14, 1.1184 
27-May-14, 1.1146 
28-May-14, 1.1213 
29-May-14, 1.1086 
30-May-14, 1.1005 
2-Jun-14, 1.1132 
3-Jun-14, 1.1243 
4-Jun-14, 1.1290 
5-Jun-14, 1.1269 
6-Jun-14, 1.1319 
9-Jun-14, 1.1297 
10-Jun-14, 1.1248 
11-Jun-14, 1.1243 
13-Jun-14, 1.1156 
16-Jun-14, 1.1144 
17-Jun-14, 1.1092 
18-Jun-14, 1.1087 
19-Jun-14, 1.1106 
20-Jun-14, 1.1125 
23-Jun-14, 1.1233 
24-Jun-14, 1.1217 
25-Jun-14, 1.1297 
26-Jun-14, 1.1428 
27-Jun-14, 1.1364 
30-Jun-14, 1.1402 
1-Jul-14, 1.1381 
2-Jul-14, 1.1343 
3-Jul-14, 1.1417 
4-Jul-14, 1.1522 
7-Jul-14, 1.1582 
8-Jul-14, 1.1518 
9-Jul-14, 1.1469 
10-Jul-14, 1.1507 
11-Jul-14, 1.1462 
14-Jul-14, 1.1424 
15-Jul-14, 1.1481 
17-Jul-14, 1.1554 
18-Jul-14, 1.1539 
21-Jul-14, 1.1605 
22-Jul-14, 1.1515 
23-Jul-14, 1.1567 
24-Jul-14, 1.1572 
25-Jul-14, 1.1625 
28-Jul-14, 1.1591 
30-Jul-14, 1.1633 
31-Jul-14, 1.1582 
1-Aug-14, 1.1650 
4-Aug-14, 1.1795 
5-Aug-14, 1.1791 
6-Aug-14, 1.1787 
7-Aug-14, 1.1879 
8-Aug-14, 1.1783 
11-Aug-14, 1.1887 
12-Aug-14, 1.1932 
13-Aug-14, 1.1965 
14-Aug-14, 1.2038 
15-Aug-14, 1.1992 
18-Aug-14, 1.2037 
19-Aug-14, 1.2118 
20-Aug-14, 1.2154 
22-Aug-14, 1.2213 
26-Aug-14, 1.2247 
27-Aug-14, 1.2254 
28-Aug-14, 1.2037 
29-Aug-14, 1.2075 
1-Sep-14, 1.2263 
2-Sep-14, 1.2180 
3-Sep-14, 1.2334 
4-Sep-14, 1.2407 
5-Sep-14, 1.2530 
8-Sep-14, 1.2572 
9-Sep-14, 1.2483 
10-Sep-14, 1.2348 
11-Sep-14, 1.2378 
12-Sep-14, 1.2451 
15-Sep-14, 1.2371 
16-Sep-14, 1.2439 
17-Sep-14, 1.2500 
18-Sep-14, 1.2581 
22-Sep-14, 1.2555 
23-Sep-14, 1.2529 
24-Sep-14, 1.2607 
25-Sep-14, 1.2546 
26-Sep-14, 1.2484 
29-Sep-14, 1.2504 
30-Sep-14, 1.2498 
1-Oct-14, 1.2445 
2-Oct-14, 1.2271 
3-Oct-14, 1.2400 
7-Oct-14, 1.2429 
8-Oct-14, 1.2357 
9-Oct-14, 1.2382 
10-Oct-14, 1.2273 
13-Oct-14, 1.1956 
14-Oct-14, 1.1630 
15-Oct-14, 1.2066 
16-Oct-14, 1.2063 
17-Oct-14, 1.2039 
20-Oct-14, 1.2121 
21-Oct-14, 1.2181 
22-Oct-14, 1.2296 
23-Oct-14, 1.2246 
24-Oct-14, 1.2233 
27-Oct-14, 1.2197 
28-Oct-14, 1.2179 
29-Oct-14, 1.2259 
30-Oct-14, 1.2326 
31-Oct-14, 1.2403 
3-Nov-14, 1.2527 
4-Nov-14, 1.2432 
5-Nov-14, 1.2462 
6-Nov-14, 1.2535 
7-Nov-14, 1.2445 
10-Nov-14, 1.2380 
11-Nov-14, 1.2306 
12-Nov-14, 1.2306 
13-Nov-14, 1.2301 
14-Nov-14, 1.2346 
17-Nov-14, 1.2397 
18-Nov-14, 1.2463 
19-Nov-14, 1.2492 
20-Nov-14, 1.2480 
21-Nov-14, 1.2521 
24-Nov-14, 1.2615 
25-Nov-14, 1.2606 
26-Nov-14, 1.2692 
27-Nov-14, 1.2538 
28-Nov-14, 1.2616 
1-Dec-14, 1.2613 
2-Dec-14, 1.2666 
3-Dec-14, 1.2664 
4-Dec-14, 1.2541 
5-Dec-14, 1.2447 
9-Dec-14, 1.2361 
10-Dec-14, 1.2355 
11-Dec-14, 1.2162 
12-Dec-14, 1.2438 
15-Dec-14, 1.2547 
16-Dec-14, 1.2457 
17-Dec-14, 1.2208 
18-Dec-14, 1.2276 
19-Dec-14, 1.2399 
22-Dec-14, 1.2477 
23-Dec-14, 1.2500 
29-Dec-14, 1.2568 
5-Jan-15, 1.2583 
6-Jan-15, 1.2590 
7-Jan-15, 1.2641 
8-Jan-15, 1.2674 
9-Jan-15, 1.2715 
12-Jan-15, 1.2675 
13-Jan-15, 1.2764 
14-Jan-15, 1.2907 
19-Jan-15, 1.2858 
20-Jan-15, 1.2796 
21-Jan-15, 1.2766 
22-Jan-15, 1.2709 
23-Jan-15, 1.2943 
26-Jan-15, 1.2956 
27-Jan-15, 1.3094 
28-Jan-15, 1.3125 
29-Jan-15, 1.3067 
30-Jan-15, 1.3173 
2-Feb-15, 1.3035 
3-Feb-15, 1.3005 
4-Feb-15, 1.3150 
5-Feb-15, 1.3076 
6-Feb-15, 1.3178 
9-Feb-15, 1.3281 
10-Feb-15, 1.3192 
11-Feb-15, 1.3092 
12-Feb-15, 1.3140 
13-Feb-15, 1.3281 
16-Feb-15, 1.3269 
17-Feb-15, 1.3292 
18-Feb-15, 1.3284 
20-Feb-15, 1.3269 
23-Feb-15, 1.3282 
24-Feb-15, 1.3354 
25-Feb-15, 1.3367 
26-Feb-15, 1.3240 
27-Feb-15, 1.3215 
2-Mar-15, 1.3290 
3-Mar-15, 1.3286 
4-Mar-15, 1.3403 
5-Mar-15, 1.3376 
6-Mar-15, 1.3464 
9-Mar-15, 1.3394 
10-Mar-15, 1.3408 
11-Mar-15, 1.3280 
12-Mar-15, 1.3376 
13-Mar-15, 1.3378 
16-Mar-15, 1.3208 
17-Mar-15, 1.3316 
18-Mar-15, 1.3270 
19-Mar-15, 1.3339 
20-Mar-15, 1.3383 
23-Mar-15, 1.3407 
24-Mar-15, 1.3370 
25-Mar-15, 1.3373 
26-Mar-15, 1.3438 
27-Mar-15, 1.3446 
30-Mar-15, 1.3454 
31-Mar-15, 1.3463 
1-Apr-15, 1.3520 
6-Apr-15, 1.3597 
7-Apr-15, 1.3629 
8-Apr-15, 1.3555 
10-Apr-15, 1.3632 
13-Apr-15, 1.3500 
14-Apr-15, 1.3456 
15-Apr-15, 1.3196 
16-Apr-15, 1.3268 
17-Apr-15, 1.3256 
20-Apr-15, 1.3124 
21-Apr-15, 1.3115 
22-Apr-15, 1.3105 
23-Apr-15, 1.3214 
24-Apr-15, 1.3310 
27-Apr-15, 1.3332 
28-Apr-15, 1.3257 
29-Apr-15, 1.3165 
30-Apr-15, 1.3024 
4-May-15, 1.3153 
5-May-15, 1.3324 
6-May-15, 1.3324 
7-May-15, 1.3251 
8-May-15, 1.3133 
11-May-15, 1.3156 
12-May-15, 1.3191 
13-May-15, 1.3242 
14-May-15, 1.3287 
15-May-15, 1.3355 
18-May-15, 1.3363 
19-May-15, 1.3280 
20-May-15, 1.3333 
21-May-15, 1.3231 
22-May-15, 1.3181 
25-May-15, 1.3074 
26-May-15, 1.2977 
27-May-15, 1.2752 
28-May-15, 1.2601 
29-May-15, 1.2746 
1-Jun-15, 1.2878 
2-Jun-15, 1.2749 
3-Jun-15, 1.2756 
4-Jun-15, 1.2790 
5-Jun-15, 1.2750 
8-Jun-15, 1.2702 
9-Jun-15, 1.2440 
10-Jun-15, 1.2524 
11-Jun-15, 1.2692 
15-Jun-15, 1.2619 
16-Jun-15, 1.2676 
17-Jun-15, 1.2731 
18-Jun-15, 1.2827 
19-Jun-15, 1.2823 
22-Jun-15, 1.2824 
23-Jun-15, 1.2749 
24-Jun-15, 1.2853 
25-Jun-15, 1.2787 
26-Jun-15, 1.2841 
29-Jun-15, 1.2764 
30-Jun-15, 1.2766 
1-Jul-15, 1.2774 
2-Jul-15, 1.2803 
3-Jul-15, 1.2745 
6-Jul-15, 1.2566 
7-Jul-15, 1.2549 
8-Jul-15, 1.2416 
9-Jul-15, 1.2451 
10-Jul-15, 1.2462 
13-Jul-15, 1.2605 
14-Jul-15, 1.2676 
15-Jul-15, 1.2728 
16-Jul-15, 1.2823 
20-Jul-15, 1.2737 
21-Jul-15, 1.2851 
22-Jul-15, 1.2859 
23-Jul-15, 1.2873 
24-Jul-15, 1.2902 
27-Jul-15, 1.2728 
28-Jul-15, 1.2639 
29-Jul-15, 1.2671 
30-Jul-15, 1.2721 
31-Jul-15, 1.2745 
3-Aug-15, 1.2783 
4-Aug-15, 1.2828 
5-Aug-15, 1.2943 
6-Aug-15, 1.2854 
7-Aug-15, 1.2757 
10-Aug-15, 1.2760 
11-Aug-15, 1.2810 
12-Aug-15, 1.2656 
13-Aug-15, 1.2570 
14-Aug-15, 1.2503 
17-Aug-15, 1.2357 
18-Aug-15, 1.2332 
19-Aug-15, 1.2381 
20-Aug-15, 1.2295 
24-Aug-15, 1.1532 
25-Aug-15, 1.1612 
26-Aug-15, 1.1734 
27-Aug-15, 1.1954 
28-Aug-15, 1.2092 
1-Sep-15, 1.2055 
2-Sep-15, 1.2031 
3-Sep-15, 1.2049 
4-Sep-15, 1.1947 
7-Sep-15, 1.1794 
8-Sep-15, 1.1745 
9-Sep-15, 1.1834 
10-Sep-15, 1.1746 
11-Sep-15, 1.1766 
14-Sep-15, 1.1980 
15-Sep-15, 1.2043 
16-Sep-15, 1.2048 
17-Sep-15, 1.2095 
18-Sep-15, 1.2139 
21-Sep-15, 1.2046 
22-Sep-15, 1.1975 
23-Sep-15, 1.1802 
24-Sep-15, 1.1806 
28-Sep-15, 1.1668 
29-Sep-15, 1.1715 
30-Sep-15, 1.1763 
1-Oct-15, 1.1790 
2-Oct-15, 1.1747 
5-Oct-15, 1.1899 
6-Oct-15, 1.2003 
7-Oct-15, 1.2063 
8-Oct-15, 1.2059 
9-Oct-15, 1.2091 
12-Oct-15, 1.2112 
13-Oct-15, 1.1914 
14-Oct-15, 1.1777 
15-Oct-15, 1.1903 
16-Oct-15, 1.1908 
19-Oct-15, 1.1939 
20-Oct-15, 1.1938 
21-Oct-15, 1.2007 
22-Oct-15, 1.2079 
23-Oct-15, 1.2249 
26-Oct-15, 1.2345 
27-Oct-15, 1.2360 
28-Oct-15, 1.2292 
29-Oct-15, 1.2138 
30-Oct-15, 1.2092 
2-Nov-15, 1.2172 
3-Nov-15, 1.2194 
4-Nov-15, 1.2180 
5-Nov-15, 1.2056 
6-Nov-15, 1.2060 
9-Nov-15, 1.1985 
10-Nov-15, 1.1882 
11-Nov-15, 1.1867 
12-Nov-15, 1.1742 
13-Nov-15, 1.1686 
16-Nov-15, 1.1549 
17-Nov-15, 1.1628 
20-Nov-15, 1.1742 
23-Nov-15, 1.1833 
24-Nov-15, 1.1825 
25-Nov-15, 1.1908 
26-Nov-15, 1.1908 
27-Nov-15, 1.1762 
1-Dec-15, 1.1900 
2-Dec-15, 1.1887 
3-Dec-15, 1.1815 
4-Dec-15, 1.1730 
7-Dec-15, 1.1713 
8-Dec-15, 1.1606 
9-Dec-15, 1.1629 
10-Dec-15, 1.1578 
11-Dec-15, 1.1477 
14-Dec-15, 1.1500 
15-Dec-15, 1.1447 
16-Dec-15, 1.1599 
17-Dec-15, 1.1714 
18-Dec-15, 1.1636 
21-Dec-15, 1.1682 
22-Dec-15, 1.1742 
23-Dec-15, 1.1783 
28-Dec-15, 1.1766 
29-Dec-15, 1.1725 
4-Jan-16, 1.1575 
5-Jan-16, 1.1566 
6-Jan-16, 1.1536 
7-Jan-16, 1.1285 
8-Jan-16, 1.1209 
11-Jan-16, 1.0802 
12-Jan-16, 1.0856 
13-Jan-16, 1.1053 
14-Jan-16, 1.0957 
15-Jan-16, 1.0989 
18-Jan-16, 1.0853 
19-Jan-16, 1.0888 
20-Jan-16, 1.0760 
21-Jan-16, 1.0597 
22-Jan-16, 1.0736 
25-Jan-16, 1.0979 
26-Jan-16, 1.0836 
27-Jan-16, 1.1048 
28-Jan-16, 1.1099 
29-Jan-16, 1.1224 
1-Feb-16, 1.1257 
2-Feb-16, 1.1202 
3-Feb-16, 1.1046 
4-Feb-16, 1.1189 
5-Feb-16, 1.1333 
9-Feb-16, 1.1187 
10-Feb-16, 1.1203 
11-Feb-16, 1.1259 
12-Feb-16, 1.1220 
15-Feb-16, 1.1293 
16-Feb-16, 1.1383 
17-Feb-16, 1.1394 
18-Feb-16, 1.1505 
19-Feb-16, 1.1445 
22-Feb-16, 1.1413 
23-Feb-16, 1.1457 
24-Feb-16, 1.1366 
26-Feb-16, 1.1380 
29-Feb-16, 1.1247 
1-Mar-16, 1.1284 
2-Mar-16, 1.1456 
3-Mar-16, 1.1549 
4-Mar-16, 1.1468 
7-Mar-16, 1.1468 
8-Mar-16, 1.1490 
9-Mar-16, 1.1575 
10-Mar-16, 1.1715 
11-Mar-16, 1.1781 
14-Mar-16, 1.1817 
15-Mar-16, 1.1872 
16-Mar-16, 1.1767 
17-Mar-16, 1.1985 
18-Mar-16, 1.2068 
21-Mar-16, 1.2171 
22-Mar-16, 1.2135 
23-Mar-16, 1.2162 
28-Mar-16, 1.2131 
29-Mar-16, 1.2085 
30-Mar-16, 1.2136 
31-Mar-16, 1.2084 
1-Apr-16, 1.2050 
4-Apr-16, 1.2046 
5-Apr-16, 1.1991 
6-Apr-16, 1.1948 
7-Apr-16, 1.1948 
8-Apr-16, 1.2053 
11-Apr-16, 1.2133 
12-Apr-16, 1.2183 
13-Apr-16, 1.2223 
14-Apr-16, 1.2269 
15-Apr-16, 1.2196 
18-Apr-16, 1.2063 
19-Apr-16, 1.2045 
20-Apr-16, 1.2039 
21-Apr-16, 1.2104 
22-Apr-16, 1.2101 
25-Apr-16, 1.2071 
26-Apr-16, 1.2040 
27-Apr-16, 1.1993 
28-Apr-16, 1.1991 
29-Apr-16, 1.1976 
2-May-16, 1.1813 
3-May-16, 1.1826 
4-May-16, 1.1881 
5-May-16, 1.1764 
6-May-16, 1.1771 
10-May-16, 1.2022 
11-May-16, 1.2360 
12-May-16, 1.2243 
13-May-16, 1.2407 
16-May-16, 1.2532 
17-May-16, 1.2542 
18-May-16, 1.2560 
19-May-16, 1.2384 
20-May-16, 1.2188 
23-May-16, 1.2221 
24-May-16, 1.2294 
25-May-16, 1.2421 
26-May-16, 1.2290 
27-May-16, 1.2322 
30-May-16, 1.2382 
31-May-16, 1.2330 
1-Jun-16, 1.2466 
2-Jun-16, 1.2431 
3-Jun-16, 1.2480 
6-Jun-16, 1.2615 
7-Jun-16, 1.2790 
8-Jun-16, 1.2795 
9-Jun-16, 1.2544 
10-Jun-16, 1.2483 
13-Jun-16, 1.2522 
14-Jun-16, 1.2388 
15-Jun-16, 1.2460 
16-Jun-16, 1.2560 
17-Jun-16, 1.2643 
20-Jun-16, 1.2677 
21-Jun-16, 1.2820 
22-Jun-16, 1.2797 
23-Jun-16, 1.2752 
24-Jun-16, 1.2604 
27-Jun-16, 1.2734 
28-Jun-16, 1.2673 
29-Jun-16, 1.2847 
30-Jun-16, 1.2865 
1-Jul-16, 1.2871 
4-Jul-16, 1.2902 
5-Jul-16, 1.2863 
7-Jul-16, 1.2776 
8-Jul-16, 1.2802 
11-Jul-16, 1.2942 
12-Jul-16, 1.3079 
13-Jul-16, 1.3094 
14-Jul-16, 1.3095 
15-Jul-16, 1.3183 
18-Jul-16, 1.3110 
19-Jul-16, 1.3166 
20-Jul-16, 1.3199 
21-Jul-16, 1.3311 
22-Jul-16, 1.3206 
25-Jul-16, 1.3229 
26-Jul-16, 1.3216 
27-Jul-16, 1.3332 
28-Jul-16, 1.3234 
29-Jul-16, 1.3152 
1-Aug-16, 1.3296 
2-Aug-16, 1.3247 
3-Aug-16, 1.3070 
4-Aug-16, 1.3191 
5-Aug-16, 1.3229 
8-Aug-16, 1.3292 
9-Aug-16, 1.3400 
10-Aug-16, 1.3406 
11-Aug-16, 1.3309 
12-Aug-16, 1.3244 
15-Aug-16, 1.3242 
16-Aug-16, 1.3279 
17-Aug-16, 1.3243 
18-Aug-16, 1.3242 
19-Aug-16, 1.3220 
22-Aug-16, 1.3296 
23-Aug-16, 1.3210 
24-Aug-16, 1.3114 
25-Aug-16, 1.3102 
26-Aug-16, 1.3075 
30-Aug-16, 1.2985 
31-Aug-16, 1.2987 
1-Sep-16, 1.2966 
2-Sep-16, 1.3021 
5-Sep-16, 1.2965 
6-Sep-16, 1.2918 
7-Sep-16, 1.2770 
8-Sep-16, 1.2849 
9-Sep-16, 1.2795 
13-Sep-16, 1.2729 
14-Sep-16, 1.2717 
15-Sep-16, 1.2910 
16-Sep-16, 1.2752 
19-Sep-16, 1.2777 
20-Sep-16, 1.2879 
21-Sep-16, 1.2901 
22-Sep-16, 1.3015 
23-Sep-16, 1.2976 
26-Sep-16, 1.2830 
27-Sep-16, 1.2712 
28-Sep-16, 1.2793 
29-Sep-16, 1.2973 
30-Sep-16, 1.2840 
3-Oct-16, 1.2927 
4-Oct-16, 1.2960 
5-Oct-16, 1.2854 
6-Oct-16, 1.2827 
7-Oct-16, 1.2766 
10-Oct-16, 1.2702 
11-Oct-16, 1.2668 
12-Oct-16, 1.2517 
13-Oct-16, 1.2349 
14-Oct-16, 1.2444 
17-Oct-16, 1.2410 
18-Oct-16, 1.2661 
19-Oct-16, 1.2855 
20-Oct-16, 1.2880 
21-Oct-16, 1.2821 
24-Oct-16, 1.2769 
25-Oct-16, 1.2739 
26-Oct-16, 1.2616 
27-Oct-16, 1.2531 
28-Oct-16, 1.2446 
2-Nov-16, 1.2248 
3-Nov-16, 1.2126 
4-Nov-16, 1.2220 
7-Nov-16, 1.2216 
8-Nov-16, 1.2378 
9-Nov-16, 1.2113 
10-Nov-16, 1.2216 
11-Nov-16, 1.1917 
14-Nov-16, 1.1770 
15-Nov-16, 1.1739 
16-Nov-16, 1.1902 
17-Nov-16, 1.2010 
18-Nov-16, 1.2040 
21-Nov-16, 1.1933 
22-Nov-16, 1.1692 
23-Nov-16, 1.1688 
24-Nov-16, 1.1747 
25-Nov-16, 1.1771 
28-Nov-16, 1.1694 
29-Nov-16, 1.1655 
1-Dec-16, 1.1758 
2-Dec-16, 1.1768 
5-Dec-16, 1.1607 
6-Dec-16, 1.1627 
7-Dec-16, 1.1686 
8-Dec-16, 1.1888 
9-Dec-16, 1.1916 
12-Dec-16, 1.1696 
13-Dec-16, 1.1724 
14-Dec-16, 1.1790 
15-Dec-16, 1.1716 
16-Dec-16, 1.1701 
19-Dec-16, 1.1505 
20-Dec-16, 1.1423 
21-Dec-16, 1.1459 
22-Dec-16, 1.1311 
23-Dec-16, 1.1260 
27-Dec-16, 1.1404 
28-Dec-16, 1.1603 
29-Dec-16, 1.1625 
3-Jan-17, 1.1628 
4-Jan-17, 1.1867 
5-Jan-17, 1.2044 
6-Jan-17, 1.2119 
9-Jan-17, 1.2154 
10-Jan-17, 1.2279 
11-Jan-17, 1.2255 
12-Jan-17, 1.2174 
13-Jan-17, 1.2129 
16-Jan-17, 1.2113 
17-Jan-17, 1.1964 
18-Jan-17, 1.2013 
19-Jan-17, 1.2119 
20-Jan-17, 1.2130 
23-Jan-17, 1.2312 
24-Jan-17, 1.2333 
25-Jan-17, 1.2265 
26-Jan-17, 1.2282 
27-Jan-17, 1.2282 
30-Jan-17, 1.2288 
31-Jan-17, 1.2144 
1-Feb-17, 1.2146 
2-Feb-17, 1.2131 
3-Feb-17, 1.2159 
6-Feb-17, 1.2231 
7-Feb-17, 1.2212 
8-Feb-17, 1.2169 
9-Feb-17, 1.2199 
10-Feb-17, 1.2183 
13-Feb-17, 1.2260 
14-Feb-17, 1.2164 
15-Feb-17, 1.2118 
16-Feb-17, 1.2255 
17-Feb-17, 1.2227 
20-Feb-17, 1.2293 
21-Feb-17, 1.2266 
22-Feb-17, 1.2295 
23-Feb-17, 1.2325 
24-Feb-17, 1.2235 
27-Feb-17, 1.2212 
28-Feb-17, 1.2175 
1-Mar-17, 1.2127 
2-Mar-17, 1.2225 
3-Mar-17, 1.2220 
6-Mar-17, 1.2286 
7-Mar-17, 1.2251 
8-Mar-17, 1.2258 
9-Mar-17, 1.2259 
10-Mar-17, 1.2094 
13-Mar-17, 1.2198 
14-Mar-17, 1.2236 
15-Mar-17, 1.2221 
16-Mar-17, 1.2281 
17-Mar-17, 1.2389 
20-Mar-17, 1.2333 
21-Mar-17, 1.2325 
22-Mar-17, 1.2207 
23-Mar-17, 1.2261 
24-Mar-17, 1.2217 
27-Mar-17, 1.2186 
28-Mar-17, 1.2302 
29-Mar-17, 1.2304 
30-Mar-17, 1.2332 
31-Mar-17, 1.2287 
3-Apr-17, 1.2323 
4-Apr-17, 1.2461 
5-Apr-17, 1.2621 
6-Apr-17, 1.2604 
7-Apr-17, 1.2643 
10-Apr-17, 1.2696 
11-Apr-17, 1.2656 
12-Apr-17, 1.2715 
17-Apr-17, 1.2651 
18-Apr-17, 1.2663 
19-Apr-17, 1.2570 
20-Apr-17, 1.2619 
21-Apr-17, 1.2653 
22-Apr-17, 1.2658 
25-Apr-17, 1.2815 
26-Apr-17, 1.2843 
27-Apr-17, 1.2746 
2-May-17, 1.2840 
3-May-17, 1.2807 
4-May-17, 1.2906 
5-May-17, 1.3018 
8-May-17, 1.3186 
9-May-17, 1.3127 
10-May-17, 1.2943 
11-May-17, 1.2971 
12-May-17, 1.2954 
15-May-17, 1.2876 
16-May-17, 1.2898 
17-May-17, 1.2943 
18-May-17, 1.2841 
19-May-17, 1.2870 
22-May-17, 1.2939 
23-May-17, 1.2958 
24-May-17, 1.2997 
25-May-17, 1.3045 
26-May-17, 1.3039 
29-May-17, 1.3080 
30-May-17, 1.3021 
31-May-17, 1.2988 
1-Jun-17, 1.3143 
2-Jun-17, 1.3110 
5-Jun-17, 1.3231 
6-Jun-17, 1.3179 
7-Jun-17, 1.3253 
8-Jun-17, 1.3194 
9-Jun-17, 1.3228 
13-Jun-17, 1.3102 
14-Jun-17, 1.3163 
15-Jun-17, 1.3159 
16-Jun-17, 1.3043 
19-Jun-17, 1.3121 
20-Jun-17, 1.3099 
21-Jun-17, 1.3037 
22-Jun-17, 1.3023 
23-Jun-17, 1.2957 
27-Jun-17, 1.3045 
28-Jun-17, 1.3014 
29-Jun-17, 1.2912 
30-Jun-17, 1.2965 
3-Jul-17, 1.3012 
4-Jul-17, 1.2992 
5-Jul-17, 1.3022 
6-Jul-17, 1.3113 
7-Jul-17, 1.3116 
10-Jul-17, 1.3048 
11-Jul-17, 1.3094 
12-Jul-17, 1.3223 
13-Jul-17, 1.3200 
14-Jul-17, 1.3146 
17-Jul-17, 1.3204 
18-Jul-17, 1.3224 
19-Jul-17, 1.3267 
20-Jul-17, 1.3167 
21-Jul-17, 1.3243 
24-Jul-17, 1.3226 
25-Jul-17, 1.3225 
26-Jul-17, 1.3325 
27-Jul-17, 1.3319 
28-Jul-17, 1.3358 
31-Jul-17, 1.3255 
1-Aug-17, 1.3124 
2-Aug-17, 1.3096 
3-Aug-17, 1.3098 
4-Aug-17, 1.3160 
7-Aug-17, 1.3229 
8-Aug-17, 1.3253 
9-Aug-17, 1.3212 
10-Aug-17, 1.3179 
11-Aug-17, 1.3112 
14-Aug-17, 1.3177 
15-Aug-17, 1.3240 
16-Aug-17, 1.3318 
17-Aug-17, 1.3364 
18-Aug-17, 1.3285 
22-Aug-17, 1.3298 
23-Aug-17, 1.3286 
24-Aug-17, 1.3289 
25-Aug-17, 1.3289 
29-Aug-17, 1.3196 
30-Aug-17, 1.3185 
31-Aug-17, 1.3205 
4-Sep-17, 1.3307 
5-Sep-17, 1.3328 
6-Sep-17, 1.3236 
7-Sep-17, 1.3315 
8-Sep-17, 1.3320 
11-Sep-17, 1.3372 
12-Sep-17, 1.3372 
13-Sep-17, 1.3334 
14-Sep-17, 1.3463 
15-Sep-17, 1.3585 
18-Sep-17, 1.3756 
19-Sep-17, 1.3356 
20-Sep-17, 1.3649 
21-Sep-17, 1.3722 
22-Sep-17, 1.3700 
25-Sep-17, 1.3634 
26-Sep-17, 1.3545 
27-Sep-17, 1.3583 
28-Sep-17, 1.3498 
29-Sep-17, 1.3564 
2-Oct-17, 1.3652 
3-Oct-17, 1.3709 
4-Oct-17, 1.3776 
5-Oct-17, 1.3729 
6-Oct-17, 1.3753 
9-Oct-17, 1.3816 
10-Oct-17, 1.3864 
11-Oct-17, 1.3840 
12-Oct-17, 1.3891 
13-Oct-17, 1.3966 
17-Oct-17, 1.4027 
18-Oct-17, 1.3933 
19-Oct-17, 1.4038 
20-Oct-17, 1.3931 
23-Oct-17, 1.3806 
24-Oct-17, 1.3717 
25-Oct-17, 1.3726 
26-Oct-17, 1.3653 
27-Oct-17, 1.3720 
30-Oct-17, 1.3815 
2-Nov-17, 1.4066 
3-Nov-17, 1.3900 
6-Nov-17, 1.4068 
7-Nov-17, 1.4064 
8-Nov-17, 1.4063 
9-Nov-17, 1.4079 
10-Nov-17, 1.3966 
13-Nov-17, 1.3826 
14-Nov-17, 1.3901 
15-Nov-17, 1.3757 
16-Nov-17, 1.3649 
17-Nov-17, 1.3794 
20-Nov-17, 1.3807 
21-Nov-17, 1.3757 
22-Nov-17, 1.3724 
23-Nov-17, 1.3814 
24-Nov-17, 1.3853 
27-Nov-17, 1.3811 
28-Nov-17, 1.3689 
29-Nov-17, 1.3670 
1-Dec-17, 1.3499 
4-Dec-17, 1.3418 
5-Dec-17, 1.3496 
6-Dec-17, 1.3482 
7-Dec-17, 1.3539 
8-Dec-17, 1.3698 
11-Dec-17, 1.3802 
12-Dec-17, 1.3763 
13-Dec-17, 1.3788 
14-Dec-17, 1.3908 
15-Dec-17, 1.3743 
18-Dec-17, 1.3847 
19-Dec-17, 1.3745 
20-Dec-17, 1.3748 
21-Dec-17, 1.3748 
22-Dec-17, 1.3834 
27-Dec-17, 1.3928 
28-Dec-17, 1.3999 
29-Dec-17, 1.4043 
3-Jan-18, 1.4235 
4-Jan-18, 1.4237 
5-Jan-18, 1.4278 
8-Jan-18, 1.4207 
9-Jan-18, 1.4445 
10-Jan-18, 1.4451 
11-Jan-18, 1.4295 
12-Jan-18, 1.4310 
15-Jan-18, 1.4363 
16-Jan-18, 1.4394 
17-Jan-18, 1.4326 
18-Jan-18, 1.4275 
19-Jan-18, 1.4402 
22-Jan-18, 1.4473 
23-Jan-18, 1.4514 
24-Jan-18, 1.4418 
25-Jan-18, 1.4517 
26-Jan-18, 1.4575 
29-Jan-18, 1.4593 
30-Jan-18, 1.4383 
31-Jan-18, 1.4194 
1-Feb-18, 1.4171 
2-Feb-18, 1.4264 
5-Feb-18, 1.3957 
6-Feb-18, 1.3892 
7-Feb-18, 1.4051 
8-Feb-18, 1.4022 
9-Feb-18, 1.3828 
12-Feb-18, 1.3794 
13-Feb-18, 1.3875 
14-Feb-18, 1.3915 
15-Feb-18, 1.3936 
19-Feb-18, 1.4105 
20-Feb-18, 1.4106 
21-Feb-18, 1.3969 
22-Feb-18, 1.3804 
23-Feb-18, 1.3761 
26-Feb-18, 1.3799 
27-Feb-18, 1.3952 
28-Feb-18, 1.3780 
1-Mar-18, 1.3780 
2-Mar-18, 1.3789 
5-Mar-18, 1.3703 
6-Mar-18, 1.3671 
7-Mar-18, 1.3742 
8-Mar-18, 1.3693 
9-Mar-18, 1.3678 
12-Mar-18, 1.3808 
13-Mar-18, 1.3749 
14-Mar-18, 1.3651 
15-Mar-18, 1.3422 
16-Mar-18, 1.3498 
19-Mar-18, 1.3498 
20-Mar-18, 1.3252 
21-Mar-18, 1.3041 
22-Mar-18, 1.3354 
23-Mar-18, 1.3135 
26-Mar-18, 1.3078 
27-Mar-18, 1.3212 
28-Mar-18, 1.3142 
2-Apr-18, 1.3213 
3-Apr-18, 1.3220 
4-Apr-18, 1.3143 
5-Apr-18, 1.3169 
6-Apr-18, 1.3083 
10-Apr-18, 1.3090 
11-Apr-18, 1.3095 
12-Apr-18, 1.3238 
13-Apr-18, 1.3025 
16-Apr-18, 1.2986 
17-Apr-18, 1.2770 
18-Apr-18, 1.2874 
19-Apr-18, 1.2713 
20-Apr-18, 1.2780 
23-Apr-18, 1.2759 
24-Apr-18, 1.2597 
25-Apr-18, 1.2541 
26-Apr-18, 1.2620 
27-Apr-18, 1.2742 
30-Apr-18, 1.2905 
2-May-18, 1.2816 
3-May-18, 1.2535 
4-May-18, 1.2555 
7-May-18, 1.2548 
8-May-18, 1.2611 
9-May-18, 1.2590 
10-May-18, 1.2621 
11-May-18, 1.2837 
15-May-18, 1.3008 
16-May-18, 1.2987 
17-May-18, 1.2747 
18-May-18, 1.2711 
21-May-18, 1.2707 
22-May-18, 1.2674 
23-May-18, 1.2569 
24-May-18, 1.2684 